id_age,id_sexe,id_NS,username,password
1,2,3,JohnDoe,7ehZhOkLB48uzjPgYPavofK9DDzZ939SsxMzoBn7OMHU0rGfaC
3,1,3,JaneSmith,dQAmwMPgfPVqdPAu4YHIoUf67Q3zopZEhgwTTA3ioz2tooJhRc
1,1,3,AlexJohnson,v6NSDfH4YXygcBGiej2DV5Hon1aF6TV394ALhsaBX7lDadh8QI
2,3,5,EmilyDavis,W6b6WCkjkJkYtC8oZDJ8QRqDGP7tYssEPUrOLHgJ24SuDeFMfR
3,1,4,MichaelBrown,MhNwGc2VrLoorBjJ6G9wPcKqwSv0OYKvfnQgifqsze93eVy0bj
3,2,3,JessicaWilson,DsnZMd3QZo36QLgllx5FhBGEUJND0Cpzo9Yjg1TjTTpUiy9H8v
3,2,3,ChrisMoore,4kNSPg5ReEenmfbXYFVvnFvUMPzZtPHxydeokZ2v7GXk7x1nvd
2,3,4,SarahTaylor,5kZHwAIqgbkeO2rpHCvdrhJ0Wn9xV8ddP5uykEEK5D09BnT5Od
3,1,5,DanielAnderson,2tEBwziGrHoRLgQ8bA5SBNa8zCyXAZwDGhWzlKGCob7PwMXA5f
2,1,1,EmmaThomas,GOfGnzWXQJxN7jejdE7N2fZXYJz6S7wop4HshEZeYBONd7cgwg
2,3,4,DavidLee,medEE9rBUNuh2kISDhuOapMYsh0vUhQswsNfAMfqkvJk14r9rn
1,3,1,SophiaMartinez,hWCnGKzcAbLUU25m5nZQ3yCMGPm6r25nMIxN8OjSoeX9DULkau
1,3,5,JamesGarcia,31cfr71dt6ycdI2In8dMNutQsKFuyyZ6d68LE3tqvCso1AyuIs
1,1,3,IsabellaHernandez,os6XZ2F5DUDp3v7iiUvpWYWYwfJPktgU614Jp48vhQ6YuKtnf4
2,1,5,BenjaminClark,VYRZ5fIMDNJeKWVE7RYALAHKrwyv7zTWZgbwlak1hborM77KL7
1,1,3,OliviaRodriguez,Px2EVrWGvO4pKK6LvuYArgDOzNG6cjJyCdWFsYk0XcbqreoxYj
3,3,5,LucasLewis,jFev8OjTuefsYu1aNFldR7yzwG3DhBWLcWJpsLJV18vZal0tbc
2,2,5,AvaWalker,R2ECCewoJrsMpj5UvtbUzAvxQISjFKT5OAqh2kJ6sgIa3lDmSE
3,1,1,ElijahHall,kcRApeDMVxzD5tTx8BXuYlb7GqOBDajOkYYcJ4PcNhwSi27EHO
1,3,5,MiaYoung,bL2s3TKJNQrmV47w5cGfZyCdgwcUa30c5lmKnUsTspdSN1dnHX
3,2,2,LiamAllen,rAyaxXrDormKkDDiKEHwUrtlsWh3eOntFMzxbFnV9uZGw7bGGN
3,2,3,CharlotteKing,8P1TShg3vWRJOzaXrkU836816VtYnGJ81iAOxaAi7XQCHEni9x
3,2,1,NoahWright,FFaIBRlVMxd8Lyq1hs9PFz6oQNeiD0Ba6LgQCy9QGMUfqCUGWC
1,1,4,AmeliaScott,Q3q7vnMcW6x3fU8xnnSLZVMX2jbUILt5nToXIXk7ctmPBxUfxW
2,3,3,EthanAdams,uxYiWInOj86jlLx4ngvGZHwZBmEKxvn733zeLeYXrVzcRmEiNF
2,2,1,HarperEvans,G3quwVNSHNsYW3t0428p5qjPxzXz98X1hRXOCfgXXENaGp2nH6
3,1,1,LoganBaker,ehYYifgdTeyuJ0p3NJi9Oe3A6z9Z35DQq650YdzOZD1ZIucHC8
1,3,2,AbigailNelson,xFDNcInKZ0bhwnscmBUSpNiyf6SMK6shNLzKpCXincigweCUAY
3,1,3,MasonCampbell,9e29RPwXEHUbDBZ1TJXmoSMiFD3BTPrlI2NwwGOC0ti66ON5ZL
3,2,2,EllaCarter,mofbjpZWSM8FUnEsv8HhKhYkjXjEIWGbMlchkqNNSQ2C97w9sU
2,1,5,JacobRoberts,XL8Xyylja9Iu33JeyTE9cGH8Dcrdal4mbSyTND1wedDsJ0QXBC
3,2,2,LilyParker,jevUORJcL4gtX1DStV6CHqIVFPvI8xcFLdnTLc2Hl75lWsGSYs
2,3,3,WilliamPhillips,hQYB0I74uMLdibrYrfRCpx5b6kchmG3z9VY5plTkkXB21MzK09
1,3,2,GraceEdwards,BPm6Hw0dfJTqxr3we07ORr46oKr9be6ZgpppZ3c8NKuPLpo8qZ
3,3,3,AlexanderTurner,vVdfG7rgeL9EKxclBClkZDesQQ50GmbLA6OgNKQzsCGc66b66t
3,3,4,ChloeStewart,wx5gkaddxo59LMmE8hSNmWJgkCh1OF1IByXUaWLOuNKI8d1m8R
2,1,2,MatthewPeterson,q18VQRXO7oJGGAIOqkJPAZArSdOIUiHSCf4LBZLts20bO9cy9W
3,3,5,ZoeySanchez,ZeFflRtJU0azurnITgCPFW3nyNiVleWQzIVG9icCIBFHH3wj58
2,1,5,HenryPowell,jbc5DefA0V9staa1i5gE3NUrg2zGj8Om8sAQDnzs457EQ5KqRW
3,2,3,HannahMyers,eYUxSPIiuRumXdMGIkHIYIglBDdVFvoOSs6ckjUd3YCrf8ZfKz
1,3,2,SamuelBell,YHGSPr9bDd10cvPXlHeKZ7dm2qt7tmBZHAcxjnQlxdUmQ0K7fY
3,3,5,VictoriaMurphy,seKCWl2j4hdFJqeDBe2sX5tBU6XWcpKVe8paCESeZ3W7QxvFVy
2,2,3,JacksonBailey,8k2s9OIkipoP81bhVHL8qcXsOpcmxSbtBfQWDM8vEkjpueg7Yq
2,1,1,SofiaReed,Qa9ZX30UJbnMQUPcmzjS11LN0TwO28c8lyhPCkLUMnAr4pVVn0
1,1,5,SebastianKelly,D1WqYqNQyDdrQ0CXb8ElrNO3dHZjpiUyvkdrMWcVGl8Oz7uZrU
2,1,5,EvelynSanders,isNsg7w7KFxiNtOwVZ7qh0YaBi4tO1exZ947gqyhub3CtXefsx
1,1,4,JackPrice,ewE8ehzYEKaUHC6t55B4HhnMGaBiTsSEiTNfnSemWkCYsgK37d
1,1,2,PenelopeGriffin,kC2CvuQswx2Yu4M6fBEdn8vBVq9ha90Rbmc4fU9CJ8xOf0wSoo
1,2,4,OwenRoss,2PbaXy48nxSC0F5wN5bN3iI5r5prvDBUJFfQKLrz8ul51rRize
3,1,2,LillianCruz,4z9Vm1gNT4gBfGgHavrWXUNKr6aY53CQ02z9AOmz35RvIxUhLq
